이제는 완연히 뒷방 늙은이 신세 된 홍준표가 그립다    …  정치판 양진호 찢점명의 엽기적인 행각을 보다 보니   홍준표는 거기 비하면 성인군자 수준 이라는 착각도 하게 된다 	2018-11-08 08:53	0	0	0.024132519294343926
‘마약 혐의’ 추가해 양진호 체포…심야 조사 거부 / SBS  	2018-11-08 08:41	0	0	0.043866215050669066
전교조와 민주노총이 사회적 약자가 아니란 민주당 정부.  아래 말은 <전교조를 법외 노조에서 직권 해제하면, 민주노총이 요구하는 ILO 핵심협약들 비준하면 혼란 가중되고, 경제 위기로 서민 피해볼 것>이란 말과 등치해도 똑같은 말.  웃으면서 뺨때리는 양진호와 뭔 차이냐? 	2018-11-08 08:35	10	3	0.02052098354942645
"이런 자가 어떻게 법망을 피해왔는지 그동안 무혐의 처리했던 검사 경찰  전관변호사 정치인들 싹 조사해라  "40 넘으면 얼굴에 나타난다.  짐승 눈빛 저 살기 봐라.."  …	2018-11-07 18:29	551	403	0.06446081811425657
해외 서버를 두고, 대포폰을 만들고, 노출 프로그램을 이용하는 등 양진호는 성범죄 동영상으로 돈을 벌기 위해 갖은 방법을 썼습니다.  다시 보기 :   후원하기 :    갑질 탐사보도는,  	2018-11-07 18:24	348	248	0.06798424082706604
양진호사건의 보도시기와 관련해서 이재명 물타기가 아닌가 의혹을 표하는 사람들이 있지만 사건을 취재한 박상규기자가 그런 머리를 쓸만한 사람이 아니고, 돈.조폭.마약.권력이 유착된 이 사건은 정운호게이트같이 오히려 아수라시티의 실체를 여는 단초가 될 것 같은 예감이다.   다들 쫄고 있나?	2018-11-07 14:07	598	596	0.031247662236708124
'양진호 폭행' 피해 교수 "최유정 변호사, 이름만 봐도 놀랍고 공포스러웠다"  … 최유정 이 사람 이렇게 연결이 되네...ㄷㄷㄷ 법조인들은 전관예우로 쉽게 엄청난 돈을 벌고 돈과 권력을 가진 범죄자는 쉽게 엄청난 돈으로 빠져나가고... 참 정의로운 사법시스템...	2018-11-07 13:04	653	305	0.020901125927345828
 개인의 도덕성 문제로 제한되어선 안됩니다. 그가 소유하고 있는 사업 전체에 대한 불법행위를 철저히 수사해야 합니다.  에 대한 수사를 촉구하는 내용의 국민청원에 20만명이 넘는 시민들이 서명에 동참했습니다. 수사기관이 이를 엄중히 수사해 가도록 촉구합니다. 	2018-11-06 18:31	113	63	0.042924241645470824
하나마나한 소리라 안 하려 했는데, 위디스크 사태의 고발자가 양진호에게 따귀를 맞고 '인권을 이렇게 짓밟아도 되나' 싶었다고 진술한 대목에서 가슴이 콱 막혔었다. 인권에 대해 알고 있던 자들이 여성들의 인권을 짓밟으며 돈을 벌어왔다는 거, 제가 맞고 나서야 인권을 입에 올렸다는 게 참담했다	2018-11-06 14:44	9700	1900	0.029132731334206956
그 동안 경찰은 수사관이 없어서 수사하기 어렵다고 징징댔으면서 양진호 갑질 사태가 터진 후 수사인력을 14명이나 늘렸습니다. 사건의 크기만 따졌을 때 웹하드 카르텔이 훨씬 크고 깊습니다. 경찰은 더 이상 조직적 성폭력 온상인 웹하드 카르텔을 사소하게 여기지 마십시오.	2018-11-06 13:43	699	148	0.026288314247467935
이 표에 있는 김경욱이라는 사람은 송곳의 실제 모델이자 전 이랜드노조 위원장이었습니다. 이랜드 사퇴 이후 그는 양진호의 측근으로 생활하며 위디스크와 파일노리의 법적분쟁까지 처리했습니다. 	2018-11-06 13:40	835	121	0.041758591150517214
문재인이 정현백 자르고 진선미 장관 꽂고... 정작 진선미는 리벤지 포르노 처벌법 발의 했는데 양진호 김경욱 커넥션에 문재인 인재 영입 거론되던 김경욱 ㅋㅋㅋㅋㅋㅋㅋㅋ 진선미가 지금 주춤한 거 너무 이해가잖아. 첨엔 눈치 보고 충성한다 생각했는데 애초에 목적이 이런 거 덮으려는 건가.	2018-11-06 13:39	133	36	-0.0014843050949263697
오늘 양진호 개인이 아닌 웹하드 카르텔 전체의 전면 수사를 요구하는 기자회견을 진행했습니다. 좌우할 것 없이 정치계, 사법부 얽혀있는 사람이 한 둘이 아닐 것으로 예상됩니다. 강력 수사가 필요합니다. 	2018-11-06 13:38	2400	676	0.03526677357475747
<송곳>의 실제모델이자 웹하드카르텔의 핵 "뮤레카" 김경욱 이사가 진보, 언론사, 법조계, 정치권 인맥을 활용해 불법음란물 유통을 비호했다는 한국사이버성폭력대응센터의 주장과 구속 촉구. 정치권 유착에 대해서는 추가 폭로 예고.      … 	2018-11-06 13:06	1700	248	0.0753589820791125
경향. 왜 디지털 성범죄 영상을 '야동, 음란물'로 얘기하나요? 양진호 폭행 영상은 '액션물'이라고 안 하잖아요? 말 똑바로 해서 기사 쓰세요. 알겠어요? 	2018-11-06 11:34	3300	482	0.01991179246474379
＂리벤지 포르노가 사내 복지? 양진호 직원들도 공범들＂  …	2018-11-06 09:59	2200	263	0.0038140397233977475
사람들은 불법촬영영상 유출로 죽어간 여성들을 외면했고 웹하드 카르텔 형성에 일조한 남직원 폭행 영상에는 경악을 금치 못했다. 개돼지의 모습이다. 양진호가 싸이코패스라고? 210억 매출 올려준 한남, 제 발로 들어가 일한 위디스크 직원, 방치한 국가 모두가 싸이코패스다. 소비하고 방관한 너도. 	2018-11-06 02:57	189	47	0.031477268112173266
제가 이번 위디스크 사건을 보면서 느낀 점이 이것입니다. 양진호가 아무리 괴물인들, 어떻게 그의 주변인, 회사 직원, 폭행 피해자들, 이를 알게된 공무원이나 경찰들 중 아무도 지금까지 문제제기를 안했지? 했다해도 왜 공론화가 안되었지? 궁금했어요. 	2018-11-05 23:18	831	224	0.012350117856156298
오늘뉴공 김어준은 양진호 회장 이야기 하면서 분당 경찰서와 수원지검 성남지청이 왜 양진호 회장 관련 사건들 무혐의 처리했는지 대형로펌 관련 있나 연신 이상하다며 말하는데 이재명 선거법 위반 3년 묵히고 그간 형 정신병원 입원시도 혐의등등 다 똑같이 처리한곳이 거기인데 그건 안이상해?	2018-11-05 20:03	696	528	0.026830840167101352
<그것이 알고 싶다>에서는 양진호 회장이 운영하던 웹하드 업체(위디스크, 파일노리)로 인해 디지털성폭력(몰카)영상이 유통돼 피해를 입으신 분들의 제보를 기다립니다.  02-2113-5500 sbs21135500.com 카카오톡 플러스친구 : SBS 그것이 알고싶다	2018-11-05 18:16	3300	712	0.0193661312673469
허재현이랑 양진호 어디서 마약 받았는지 출처 조사 좀 해라. 공급책을 잡아야지. 한 사람만 잡음 끝? 성남지청 지켜보고 있다.	2018-11-07 22:29	348	219	0.05515340428255941
성남지청장은 검사장 승진후보 1순위라서 특히나 국민적 관심이 집중되는 사안은 원리원칙대로 사건처리할 수밖에 없음. 양진호든 이재명이든...	2018-11-07 20:12	151	176	0.0433020237196354
양회장 최유정 변호사  저년 가족들도 입에 자갈을 물려라!	2018-11-07 19:26	62	26	0.032993622347298
72년생 양진호가 녹즙기를 판매하는 영업사원 하다가 2003년 이지원 대표가 되기까지 뭘했는지 그것이 알고싶으니 취재 좀 해라.	2018-11-07 16:56	336	236	0.016870604162722486
양진호 경기남부경찰청 압송 도망 다니면서 회사 정리하고 다녔네.사람들 폭행할 때는 쒼나더니 수갑차고 압송 되니까 잘못했다 씨불룸아 뒈질때까정 콩밥 쳐 먹어라 점낙지 모습을 보는 것 같당 ㅋ 쎈 척 하면서 수갑차면 찌질이 되는 걸ㅋㅋㅋㅋ 	2018-11-07 15:20	234	148	-0.028965078041841945
김용민 정치쇼는 김어준 뉴스공장과 함께 잘 듣는 방송인데 오늘은 삼변 들다가 패스했다. 이정렬 역시 비열했다. 방송에서 양진호 이야기 하다가 혜경궁김씨 같은 사람 하는 순간 정말 인성이 빵꾸난 사람이구나. 왜 이정렬이 거기에 있는지. 당분간 안 듣어야겠다.	2018-11-07 14:55	40	42	-0.0047924081969480834
경찰에 체포된 '위디스크' 양진호 회장. 권력과 금력으로 범행을 은폐해 왔던 추악한 민낯.  타인의 피해에 침묵하고, 자신이 폭행 당한 후에야 진실을 알린 피해자 회사 임직원 모두 범행 묵인 은폐에 동조한 공범자들!   …	2018-11-07 14:31	581	467	0.04720368614640204
삼변시대  이정렬변호사 "양진호 교수폭행사건은  2013년 수사받았던게 작년. 첨 문제됐던 갑질폭행은 2015년. 왜 지금 보도되는지 의문 뉴스타파 보도당시 반추해 복귀해보면 이재명지사 경찰수사결과 끝나고 기소의견으로 송치된때다 예전 혜경궁사건 터지고 드루킹사건 한겨레 보도하던 기시감든다"	2018-11-07 13:00	663	522	0.03964962615941404
"김경욱 전 이랜드 노조위원장은 2009년 한국네트워크기술원에 입사해 양 회장의 눈에 들어 2013년에는 뮤레카 법무이사로 승진했고, 현재 한국인터넷기술원의 임원으로 있다. 한국인터넷기술원은 위디스크와 파일노리 지분을 100% 소유하고 있다”  …  이건 또 뭔가~	2018-11-07 02:43	155	64	0.05042215480513706
위디스크 직원들 = 양진호 = 다 가해자 	2018-11-06 21:30	7	4	0.07138441522238559
"진보진영 활동 경험을 활용해 웹하드 업체의 불법성을 보호해왔다"	2018-11-06 21:08	152	30	0.10728005885934652
한남들아 니들이 양진호 욕할 자격이 있다고 생각하지? 성범죄 영상물 때문에 여자들 자살할때 그거 다운받아서 양진호 주머니에 2천억 넣어준게 다 누구다? 죄다 양진호 손잡고 같이 한강에 던져져야할 것들이 양심있는척 누굴 욕하고 있냐?	2018-11-06 17:18	374	96	-0.002003350605718722
(...) "강호순 역시 잔혹하게 개들을 살해한 경험이 있다. (...) 그는 “개를 많이 잡다 보니 사람을 죽이는 것도 아무렇지 않게 느끼게 됐고 살인욕구를 자제할 수 없었다”고 밝히기도 했다."  …	2018-11-06 09:53	1300	189	0.04221225771707455
김어준도 양진호 사건 다뤘는데 포인트가 경찰과 유착 의심이네 역시나.. 털보야 그거 국제파  유착이랑 거의 같은 상황인데 그건 왜 관심 안뒀냐?  아무래도 분당경찰서 성남지청 유착한 정황 가지고 협박 하는거 같단말야	2018-11-05 22:27	194	190	0.00935124893959045
안녕하세요. DSO입니다. 디지털 성폭력을 장려한 위디스크 양진호 회장으로 대표되는 웹하드 업계를 규탄하고 웹하드 카르텔에 대한 정부의 대책을 촉구하는 성명문을 발표합니다. 	2018-11-05 18:00	1300	268	0.10779158424564013
분당서 정상인가? 장자연 부실 압색으로   조폭들과 놀아났다고 그러더니사패 양진호의 교수폭행을 덮어버린 정황도 나왔네. 이재명 수사과정도 별별의혹이 난무하더니. 분당서가 아수라 본진이였네. 그럼에도 성위혹에 태극기부대원이 서장으로 있다니 적폐본산이 거기 있었네.	2018-11-05 10:45	107	86	0.05242732462668357
드디어 이런 기사가 떴고 현재 다음 메인에 걸려있음  …	2018-11-05 10:25	4800	565	0.035607810788997274
양진호에게 극도로 분노하는 한국인들은 왜 김정은에게는 분노하지 않는가? 완전히 집단적으로 미친 것 아닌가? 	2018-11-05 08:14	42	26	0.028610972856390176
양진호로 인해 다시 불거진 '기업내 갑질' 이 기업내 갑질이 끊이질 않는 건 "갑을 처벌할 규정이 없다"는 것!!  그래서 국회에 '근로기준법 개정안'이 발의됐지만 또 정치모리배들의 방해로 휴면상태  이젠 누가 방해하는지 말 안해도 아시겠지요?  바로 자유당 이완영과 장제원! 인간들이 아닙니다!!	2018-11-04 22:08	213	231	0.010986788134700576
여성이 성폭행 당하는 동영상 그걸 유포시켜 돈을 번 양진호 그 희생자가 자살을 하면 유작이란 이름을 붙여  더 비싼 값에 팔아먹었다	2018-11-04 19:47	65	21	0.022421339289967167
뉴스타파 끈질긴 취재로 악마의 실체가 밝혀진 양진호가 체포됐다. 고급외제차 재벌이 아닌 수갑차림의 영락없는 잡범이다. 적용된 혐의도 다채롭다. 정보통신망에 관한 법률, 성폭력범죄 특례법, 폭행상해, 강요, 동물보호법, 마약류관리법이다. 이번에도 솜방망이로 끝나면 국민들이 분노할 것이다. 	2018-11-07 19:58	89	69	0.027635951506638733
마약 공급처를 밝혀라 국제파냐	2018-11-07 18:24	5	5	0.1419610184006823
11월 7일(수) 2부 방송(19:05~19:50)  [수요국회] 더불어민주당 박주민 최고위원 [시사위키] 국민연금 개정안 재검토/박용진 삼성바이오 내부문건 공개｜김민하 기자 [빅브라더] 양진호 회장 사건, 여론은 어디에 주목했나｜배종찬x최재원 	2018-11-07 17:51	4	7	0.04587300149531916
[속보] 경찰, 양진호 회장 경기도 분당에서 '전격 체포' 	2018-11-07 15:07	263	100	0.014609122344932158
양진호 캐면 성남 국제파 나오고 성남시 나오고 성남시 나오면 이재명이 뒤에 있는거고...	2018-11-07 14:58	5	18	-0.0018218101571534219
경찰이 분당의 한 오피스텔 주차장에서 양진호 회장을 전격 체포했습니다. 체포영장에는 폭행과 강요 등 혐의 외에 마약 투약 혐의도 포함된 것으로 확인됐습니다.  	2018-11-07 14:55	83	41	0.04705008719506808
[속보] 경찰 "양진호 회장 마약 혐의 포함"…체포영장에 적시	2018-11-07 13:49	549	143	-0.004102990620277174
같은 범죄혐의자 신분의 양진호가 공중파 TV 황금시간대 메인뉴스에 무려 8분 바라보는 롱타임 이너뷰 형식으로 개뻥 섞어 셀프 쉴드치고 다음날 아침 뉴스에서 또다시 그걸 친절하게? 정리해 방송해줬다면? 최소한 반론 기회는 줘야 그나마 상식적 아이가? 최승호-박성재씨 	2018-11-07 13:02	4	3	0.015205994828884704
돈 받아 쳐묵은 떡검들이 떡값을 제대루 했구만 ㅋ ㅋ ㅋ 돈을 많아 받았나 봐 떡검들이 양진호가 룸싸롱 댈구가가 떡두 쳐준갑다 ~~~!!! 양진호 피해교수 ＂녹취, 지문, 가래침 증거 검찰서 묵살, 왜?＂ 	2018-11-07 09:40	141	92	0.01358373667076242
"죽어서도 성관계"..양진호 '리벤지 포르노' 어떻게 진화했나 | 다음 뉴스  …  댓글 보니 혈압이.... ㅅㅂ 니가 야동볼 자유가 왜 타인 위에 있냐 	2018-11-06 21:41	43	9	-0.0015585601023984388
양진호 개인의 인성문제를 넘어서 몰카사업을 벌인 핵심 인물들이 다 수사 받기를 원한다. 그게 노동운동가이든 진보 핵심 인물이든 관계없이, 스스로 목숨을 끊은 여성 피해자의 몰카를 '유작' 마케팅한 짐승들의 실체가 다 드러나길.	2018-11-06 16:41	425	119	0.08710296210911223
양진호에게 죽도록 맞은 교수가 2017년 그 놈을 고발하죠.  자신을 때린 놈들 다섯과 함께.  분당서는 단 한차례씩만 소환하고  끝냈습니다.  김혜경님은 당일 1,2차 조사 재소환해서 3차 조사, 10시간 동안 문재인, 노무현 욕한 자신의 것도  아닌 계정 때문에.  부작위증명... 미칠 노릇이지요.	2018-11-06 14:31	21	19	0.03569219559948211
지금 웹하드 카르텔 진영에서 지키고자 하는 것은 양진호인가, 뮤레카인가? 이것만 보더라도 진짜 핵심은 어딘지 알 수 있습니다.  우리는 양진호를 넘어 웹하드 카르텔 전체를 타겟으로 삼아야 합니다.	2018-11-06 13:48	352	76	0.01118581093077268
지금은 마치 언론에서 직원이 갑질의 피해자인 것처럼 보도되고 있는데요. 그 사람들은 여성폭력의 가해자이자 공범자이지 대중들의 동정과 공감을 받을 위치가 아닙니다.    "리벤지 포르노가 사내 복지? 양진호 직원들도 공범들＂  …	2018-11-06 09:03	1600	175	0.01754419047953742
양진호 회장이 갑질을 할 수 있는 위력은 번 돈에서 나왔다.  디지털 성범죄는 그대로 두면서 갑질만 해결할 수는 없다.  [직설]두려워 말라, 그들은 그저 세상을 바꾸고 있을 뿐   	2018-11-05 21:09	79	39	0.004304552077895382
내가 볼 땐 양진호 이거 화우 작품이야ㅋ  좌우적폐들의 적대적 공생관계가 어떻게 작동하고 균형을 이루는지 보여주는 사례ㅋ 검경과 민주당 정치인 연루자들에게 압박 카드로 사용하는 모양인데 거꾸로 생각하면 이재명 의혹들이 걍 덮였다면 양진호건도 터져나오지 않았을 거라는 거 	2018-11-05 20:40	46	20	0.029886769769759253
＂양진호, 내게 자살하라 협박···전화 피하니 가족들 찾아＂   판검사 친구가 많으니 ,, 또. 솜방망이 처벌, 아니면 유전무죄, 먼저 검찰 경찰 판사 돈쳐먹은 개들부터 때려 죽여야 한다.  	2018-11-05 00:41	4	3	0.0004560880091982387
현 분당서장 유현철이  태극기부대 명예회장이라고... 그렇다고 꼭 나쁜놈일까. 설마.  양진호 교수폭행 사건 덮어준 것도 분당서였다고... 덮은게 아니라 <수사미진>이었겠지. 설마.  장자연 통화기록 분실(?)도  분당경찰서라고...분실경찰서. 에이~ 그럴수도 있는거지 뭘~	2018-11-04 23:09	117	98	0.002052700235362486
분당경찰서가 양진호 사무실을 압수수색 할때는 1시간 전 연락을 주셨다고.  이재명 도지사를 압수수색 할때는  이른 아침 시간 40명이 들이닥쳐 자택과 신체 압수수색을 했다.  핸드폰 하나를 가져가기 위해서.  이런 분당 경찰서에 대해 민주당은 아무 말도 없다.  이이제이. 차도살인	2018-11-04 19:40	215	222	0.04391010815650632
자댕이 좀 팼다고 긴급체포ㅋ  헤드라인도 폭행 및 엽기행각에만 초점이 가있음.   <불법촬영물 유통 방치> <웹하드 카르텔> 등 여성의 피해는 양진호를 보다 악인으로 묘사하기 위한 수사어구 정도고 ㅋㅋㅋㅋ 이 개잡놈들아 	2018-11-07 17:18	4	1	0.017941050101846146
 잘못인정, 진심으로 사과... 그렇다면, 구치소에서 죄값을 치루길...  잘못인정, 진심으로 사과... 그렇다면, 탁현민 청와대 행정관 공직에서 어서 물러나길..    …	2018-11-07 16:06	9	6	0.10110677201632803
뉴스타파와 셜록의 보도 9일만에 양진호 회장이 경찰에 체포됐습니다. 양회장이 불법 영상 유통을 사실상 지시했고, 증거인멸을 위해 대포폰을 사용해왔다는 측근의 증언을 확보했습니다.  <양진호 전 측근 육성증언 "대포폰 사용, 증거 인멸했다">	2018-11-07 15:29	498	375	0.06741585048400266
양진호 체포영장에 마약 혐의도 포함. 성남지청 은수미, 이재명, 양진호 사건에 일복 터져 '비명'. 이재명의 조폭 연루 마약스캔들 이거 검찰이 '핀셋 수사'하면 어마어마 할 것으로 보이는데 이놈도 ●털 뽑아 조사해야 함! 	2018-11-07 14:32	38	30	0.014911533735204398
경찰, 양진호 회장 전격 체포…폭행·강요 등 혐의(종합) 출처 : 연합뉴스 | 네이버   	2018-11-07 14:03	1	2	-0.08386611506104885
  경찰, '폭행·엽기행각' 양진호 회장 체포 	2018-11-07 12:59	0	0	-1.0
예전에 문이 일본야동 트윗 날린게 우연한 실수가 아니었을 수도...  양진호의 야동유통 카르텔에 진보 운동권 연놈들이 깊숙히 개입되어 있다고 한다.  건실한 국내기업은 죽이는 정책쓰고 야동팔아서 벌은 돈을 정치자금 받았는가?  저 죄를 어찌 다 받으려는지..	2018-11-07 10:49	23	20	0.0564261149818535
박지민이라는 mbc전계약직 아나운서가 양진호랑 최승호 사장이랑 다를게 없단 식으로 발언! 다른 아나운서들이 억울하게 잘려나간 틈을 비집고 들어가 몇 년간 잘 해먹은 그야말로 친일파 같은 인간인데 그걸 반성도 안하고 누굴 비난? 이런것들에겐 일말의 동정도 필요없다!	2018-11-07 09:37	35	38	0.024740696403344895
 양진호 폭행 피해 교수님을 지켜주세요.. 재충전하셨으니 앞으로 충전만땅 김현정님 활약 기대하며 오늘은 TV로 라디오 보고 있습니다..ㅎ 항상 응원합니다.. 	2018-11-07 08:44	0	0	0.062425744586152646
여성피해자, 직원 등 타인의 고통을 팔아서 제 잇속을 챙긴 '괴물' 양진호.. 알고 보니 1천억원대 자산가로 성장   '사이버 카르텔'을 전면 수사하고, 범죄수익은 모두 환수해야!	2018-11-07 07:41	9	4	0.047144263526107726
"양진호 '웹하드 카르텔' 핵심엔 '송곳' 모델 김경욱 등 진보 연루"     양진호를 성공시킨 좌파무리들을 이번기회에 완전히 까발려야한다  정치권 실세의 비호없이 이렇게 클수도 개갑질 오만할수도없었을것  "좌레카" 좌파비리 폭발인가? 	2018-11-06 23:44	7	2	0.0908418867036409
<김경욱 전 위원장은 2009년 한국네트워크기술원에 입사해 양진호 회장의 눈에 들어 2013년에는 뮤레카 법무이사로 승진했고, 현재 한국미래기술원의 모회사인 한국인터넷기술원의 임원으로 있다>  “송곳”이오? 그게 어떻게 “무기”가 되었는지 보이십니까?	2018-11-06 12:31	264	45	0.08938580022559081
<한국사이버성폭력대응센터: 지금은 마치 언론에서 직원이 갑질의 피해자인 것처럼 보도되고 있는데요. 그 사람들은 여성폭력의 가해자이자 공범자이지 대중들의 동정과 공감을 받을 위치가 아닙니다.>   …	2018-11-06 12:26	716	91	0.023121137674765913
양진호와 결탁된 상태라면 그자체가 적폐청산대상이네요. 지금 청소중인거 맞어? 	2018-11-06 05:08	18	14	0.04111028229034405
하여간 씨발 당꼬라지 돌아가는 거 보면 503 적폐때나 지금이나 뭐가 달라진지 항개도 모르것어. 걍 씨발 모조리 집합 시켜놓고 양진호 개샛희 풀어 한따까리 하고싶네. 썅.  ㅋㅋㅋ 	2018-11-05 11:34	7	7	0.015052025198275873
경찰이  이재명을 패대기쳤다면 사태의 심각성을 인지했다는것이고   경찰서장및 담당경찰들에게 고발을 날렸다는건 양진호건처럼 뭔가 경찰들을에게 타격을 줄만한 이슈거리가 분명히 존재하는것 같은디...  우린 이재명뿐만아니라  완전히 청소.. 	2018-11-05 06:56	46	42	0.07851002493137407
[사사건건 플러스 ②] ‘직원 폭행’ 양진호 “모든 직 사퇴”…취재 어떻게? /  KBS뉴스(News) 사죄와 용서가 아닌 "사죄와 위로" 라니 지놈이 왕이나 되나 ! 긴급체포해야 되는것 아닌가요? 이해가 안갑니다 셜록의박상규기자님응원합니다 파이팅!   … …  	2018-11-04 21:16	3	3	0.04310407547191071
직원들에게 폭언을 퍼붓고, 활을 쏘아 생닭을 잡으라 하고, 술자리에서 일어나지 못하게 하고, 상추를 제대로 못 씻었다는 이유로 해고.  폭행이 아닌 괴롭힘, 폭언은 노동법으론 처벌할 방법이 아예 없다.   …	2018-11-04 21:00	148	64	0.01723107857628309
대한민국 언론을 이해할 수가 없다 저런 저질을 꼭 양회장 이라고 존칭  내지는 직위를  붙여야 하는지  양진호씨라고 해도 듣는 사람은 기분이 나쁜데 말 끝마다 양회장이라고 합니다 양진호"씨"라고 해도 과분하다고 생각한데 꼭 회장이란 직책을 붙이는 이유가 뭔가 이해가 안 갑니다	2018-11-04 19:27	46	50	0.040052732206545386
양진호가 사람을 폭행한동영상까지 나왔고 마약때문이라는 증언과 수많은 엽기적인 행동이 밝혀졌음에도 대한민국 검경은 체포하지않고있다. 증거를 없앨시간을 주는 검,경 웃기지않냐? 일반인이었으면 벌써 긴급체포돼서 감옥안에서 수사받고 있었을거다. 이래서 기득권만 봐준다는말이 나오는거다.	2018-11-04 18:42	367	325	0.03787026067527731
양진호는 수천억의 재산과 권력과의 유착관계로 그간에도 수많은 혐의가 있음에도 경찰, 검찰이 수사하지 않았다고한다 작금에 구타 동영상 공개로 여론의 압박에 경찰이 뒤늦게 호들갑떨지만 결국 유야무야 플려나고 말것이다 최대 징역형 몇개월... 	2018-11-07 14:42	5	1	0.03014478603703517
{속보} 경찰, 양진호 회장 전격체포...폭행ㆍ강요에 마약혐의. 	2018-11-07 14:36	3	1	-0.02543789023437372
양진호 폭행 피해 교수 “가래 닦아 먹게 하고 자살 강요···마약도 했다 들었다＂ (출처 : 경향신문 | 네이버 뉴스)  	2018-11-07 12:11	7	8	-0.030704548348873317
2015년 송곳 드라마가 방영될 당시 김경욱은 양진호 뒤치다거리를 하는 한편 드라마 음악 문제를 돈으로 덮어보겠다고 합의금을 집어주려 했고 2016년에는 정치판에도 끼어들려 했다는 거군. 그리고 그 양진호는 종편 엠비엔에 10억을 투자한 바 있고.	2018-11-07 10:25	332	75	0.05591512081293293
양진호 밑에 송곳 모델 강경욱이 있었다고? ㅎㅎ 그 새끼는 데이트 폭력으로 2차 가해했던 새낀데? 진보의 탈을 쓴 폭력범 많지... 한뭐시기부터~  …	2018-11-07 02:46	88	73	0.03884908968523956
양진호 규탄트윗에 찢빠가 응원하면 이거 뭐지 	2018-11-07 00:18	0	1	-0.03247685404826712
이랜드노조를 창설했던 노동운동가 김경욱이 지금은 양진호 계열사의 뮤레카 법무이사로 있습니다.  양진호는 사원들에게 엽기적이고 잔혹한 갑질을 저지르고, 여성들을 불법촬영한 영상으로 1천억원이 넘는 자산을 축적한 최악의 기업인입니다. 	2018-11-06 23:20	11	3	0.0477375558865481
시민단체, 양진호 회장 구속수사하라 !!! 	2018-11-06 20:36	2	2	0.07118626673458156
[MBN LIVE/뉴스와이드] 與野 협력 얘기한 날, 국회에서는 충돌? - 2018.11.6 (화) 음란물 유통 악덕 포주 양진호 !! 이번 주 양진호 소환…수사 더딘 이유는?  …	2018-11-06 18:44	3	2	0.05037788689198474
 개인의 도덕성 문제로 제한되어선 안됩니다. 그가 소유하고 있는 사업 전체에 대한 불법행위를 철저히 수사해야 합니다.  에 대한 수사를 촉구하는 내용의 국민청원에 20만명이 넘는 시민들이 서명에 동참했습니다. 수사기관이 이를 엄중히 수사해 가도록 촉구합니다. 	2018-11-06 14:03	61	25	0.042924241645470824
김현정의 뉴스쇼 (2018년 11월 6일∣화) - 당정청 협의체(홍영표), 내부고발-음란웹하드, ‘양진호’와 ‘갑질싸가지’(노영희...   “올릴때는 광속으로 내릴때는 구렁이 담 넘어가듯” “자기 새끼를 그렇게 사회로 배출하면 어떤 역활을 할까?그 부모가 심각한 인격타락의 표본”    	2018-11-06 10:04	0	0	0.06625630060335168
+) “남성이란 성별성을 바탕으로 서로의 부조리를 상호묵과하면서 남성성 연대의 고리를 유지”하는 것이, 양진호를 비판하고, 고발하고, 이 회사를 나가는것보다 어쩌면 더 중요하다는 걸, 무의식적으로 느꼈겠죠. 	2018-11-05 23:46	104	33	0.09711644429647685
이재명이 분당경찰서와 성남지검의 수사를 받고 있는 와중에  뉴스타파를 통해 2015년에 일어난 양진호 사건이 터지고,  이이제이와 뉴스공장에서도 다룸.  양진호 역시 분당경찰서와 성남지검 수사에서 석연치 않은 무혐의.  양진호 건이 이재명 뉴스를 덮고,   분당경찰서와 성남지검은 압박을 받고~ 	2018-11-05 22:01	41	22	0.014032422125053916
털보가 양진호를 언급하는 것은 성남지청을 협박할려는 수작 아닌가하는 의심이 드네요. 	2018-11-05 21:53	11	12	0.04611633883080662
<그것이 알고 싶다>에서는 양진호 회장(웹하드/로봇제작업체 운영)의 갑질과 비리, 각종 위법행위 의혹에 대해 알고 계시거나 그로 인해 피해를 보신 분들의 제보를 기다립니다.  02-2113-5500 sbs21135500.com 카카오톡 플러스친구 : SBS 그것이 알고싶다	2018-11-05 18:16	160	43	0.04163044270528237
사람들이 양진호의 행위에 대해서만 신경쓰지 그 행위에 근간에 대해서는 신경쓰지 않는다는 점을 뉴스타파 조회수를 통해 새삼 깨닫는다. 	2018-11-05 17:45	8	4	0.047974232039400454
11월 5일(월) 1부 방송(18:15~18:55)  1. 초당적 협력 합의한 여야정 상설협의체｜윤소하 2.“65년만에 ‘평화의 한강 하구길’ 열리나｜윤태곤 3. 뜬뉴스: 라돈 온수매트 등｜이명선 4. 양진호 갑질 배후, 음란물카르텔 공범은..”｜리아 5. 잇따른 택배노동자 사망사고..‘죽음의 외주화’ 때문｜박성기 	2018-11-05 17:11	0	3	0.15591983163329023
오늘 KBS 저널리즘 토크쇼 ... 탐사보도의 역설... 그래..양진호 사건은 뉴스타파에서  탐사보도가 아닌 심층취재도 안하고... 선정적 영상으로 승부를 본거지 을의 분노로 이용하여 국민들의 공분을 산거... 이호진 태광산업 회장건은 묻히게 된 이유가 선정선이 부족해서인가?ㅋ 	2018-11-04 23:27	13	7	0.0638548997688483
[사사건건 플러스 ②] ‘직원 폭행’ 양진호 “모든 직 사퇴”…취재 어떻게? /  KBS뉴스(News) 사죄와 용서가 아닌 "사죄와 위로" 라니 지놈이 왕이나 되나 !!! 와 한두개가 아니구나 ~ 대박터졌네 야동왕~ 긴급체포해야 되는것 아닌가요? 이해가 안갑니다   … 	2018-11-04 21:10	6	6	0.042201534346666084
김영환 아직 조사도 안했대요 이게 말이 되나요  태극기집회 명예회장 분당경찰서장, 장영하 친구 수사과장, 국제파 검거도 안하고 봐주기하던 분당경찰서!  성남지청 검찰, 그리고 양진호.. !  엄청 구린 냄새가 납니다	2018-11-04 18:28	41	47	0.014873796536737195
양진호, 음란물 왕국으로 1천억 대 부…처벌은 솜방망이 / SBS  	2018-11-07 09:45	0	0	0.04753662229299051
형사절차상 고소가 제기될 경우에는 피고소인이 단 한번도 수사기관에서 조사를 받지 않고 무혐의처분이 내려질 수는 없다.   더하여, 세월호 희생자와 유가족들에게 허위사실 유포 및 명훼에 대한 카톡 지라시 유포자 우리의 ‘심.재.철’을 고발 했지만, 양진호와 같이 단 한번도 조사 무혐의 	2018-11-07 06:42	1	0	0.013264763260463067
[자막뉴스] ‘중국판 양진호?’ 실적 부진한 직원들에게 오물 먹여 / YTN  	2018-11-07 05:02	0	0	0.044505821806340044
[더불어민주당 논평] 강한 자에게는 납작 엎드리고, 약한 자는 무시하고 짓밟는 사회는 민주주의가 아니다 리벤지 포르노 등 불법 음란영상을 유통시키며 많은 돈을 번 웹하드계의 '큰손' 양진호 회장의 엽기적인 폭력행위가 하나씩 밝혀지며 국민들의 공분을 사고 있다...  …	2018-11-06 20:32	0	3	0.05005757578205807
“뉴스타파·셜록은 양회장 구속 임박 시점에서 선정적 영상을 통해 수 년이 지난 양진호 폭행과 엽기적 행위를 폭로했다. 이미 공론화된 사이버성폭력 카르텔에 대한 내용은 축소하면서 필터링 기술 조치에 대한 불법 행위는 회피하는 기사들이 보도되고 있다”    	2018-11-06 13:21	166	23	0.0446360839169621
“양진호, 거래처 난입에 ‘죽으라’ 협박까지”…갑질의 끝은? / KBS뉴스(News)  	2018-11-06 13:09	0	0	0.04436393969192238
이번 주 양진호 소환…불법영상 유통 혐의 수사도 속도  	2018-11-06 10:40	0	0	0.07588070431528555
[소셜라이브 하이라이트] 출연료 사양한 ‘양진호 폭행’ 피해자의 진심  	2018-11-06 10:12	0	0	0.11338073723190276
양진호 존나 미친게 아닌가 싶다 어떻게 리벤지 포르노가 회사복지냐 	2018-11-06 07:35	0	0	0.020224037108444875
양진호 건 충격적이고 철저하게 수사해야할 사안 맞는데 그거 터트린 기자 페이스북 보니까 이상호 느낌 나는게 나르시즘 냄새 대박이라 조금 조심해서 물어야하는 떡밥인거같음	2018-11-05 23:29	49	50	0.18205963874270575
양진호의 대상을 가리지 않은 끔찍한 폭력행위와 부도덕한 돈벌이, 그 근간은 생명에 대한 정서적 도덕적 무감각이 아닐까요?  미국 뉴사우스웨일스 주 경찰을 대상으로 한 어떤 보고서에 따르면, 동물학대와 범죄의 연관성은 다음과 같이 나타납니다. (+타래로) 	2018-11-05 19:35	56	22	0.06890151395762172
장자연건도  분당서에서 수사했었지? 양진호.. 이개새끼도 분당서에서 수사했었지? 분당서 견찰관님들... 좋은말할때 알아서 불지? 국민들 횃불들고 일어나기전에... 알았냐? 	2018-11-05 14:46	60	45	-0.007737572579260697
태극기부대 명예회장이 경찰서장... 장자연 양진호 굵직한 사건들 흐지부지 만들었던 경찰서... 그들의 이재명지사 과잉 탄압수사에 대한 청원글이 갑자기 사라진 국민신문고... 그 끝은 어디에 닿아 있을까?	2018-11-05 13:27	33	28	0.013843026193934427
양진호 회장 수사 급물살…조만간 소환 조사 / KBS뉴스(News)   	2018-11-05 12:40	0	1	0.044812658838254034
치안과 사법이 썩었으니 양진호 같은 사람들이 큰 소리 치는 세상이 되었다	2018-11-05 11:01	6	22	-0.0007563954744425668
이시점에 양진호 사건이 왜 터졌나 생각해보면 이재명 사건을 물타기 하려는 의도도 엿 보인다. 사건 관할도 같은 수원지검 성남지청이다. 이미 양진호의 만행이야 있었던 일일 텐데 왜 이제서야 터졌을까를 생각하면 답이 나온다. 이재명 혼자 터지면 쓸쓸하기에 양진호를 등장 시켰을 것이다.	2018-11-05 10:34	89	85	0.03968334761374018
"너희도 공범이다"..양진호 '리벤지 포르노' 누가 봤나 | 다음뉴스  …	2018-11-05 10:12	605	95	0.01997586808019838
청원 참여 합시다. 장자연 엉터리수사. 양진호 엉터리 수사... 적폐의 온상인듯.  유현철 분당경찰서장 파면청원 	2018-11-04 23:13	28	23	0.13115267079257356
이래저래 분당경찰서 문제가 많구만. 유현철 서장과 태극기부대 커넥션 얘기도 나오고, 이번에 문제가 터진 양진호 사건도 분당에서 예전에 봐줬다던데... 이것들 참 할말 잃게 만드네. 	2018-11-04 12:04	91	70	0.002543308852696146
세월호 국민 원성 유병언 탐정 놀이 프레임 24시간 두달을  유병언 유병언  3년전 사건 양진호 개거품 한달전 사건 폐지 할머니 묻지마 살인 도배  프레임 전환 물타기 현안은  딱 하나 이재명과 김햬경  기레기들 담합 물타기 프레임 전환 이재명은 잊어라 잊어라... 혜경궁도 잊어라 잊어라.... ㅋ 	2018-11-04 11:54	15	6	0.05684445751465099
양진호는 변호인단보다 경찰 검판사 공무원들이 아동포르노 압수수색하기 미리다지워줄거임 왜냐 아동포르노는 성범죄의종착역이거든. 중독자들은 절대 양진호못놔 법조계는 소아성애자소굴이다. 세상이불의해도정의가산다는희망고문은이제고만.이게현실임 아니면증명해보던가 	2018-11-06 12:24	0	0	0.005667333904495231
콘텐츠거래서 웹하드 거대기업 양진호 회장의 횡포는 어디까지일까? 하나하나 추적을 해보겠다! 	2018-11-06 12:18	0	0	0.04914221735106559
“나는 ‘야동 팔아 돈 버는 회사’ 직원이었다”…전직 개발자의 고백  양진호 한국미래기술 회장 폭행 파문. 개인 ‘갑질’ 뿐 아니라 운영회사 불법행위까지 처벌해야 한다.    같은 ‘ 업체’들이  유통으로 전체 수익의 절반 이상이다.   … 	2018-11-06 11:46	2	1	0.019618735048656882
이번 주 양진호 소환…불법영상 유통 혐의 수사도 속도  	2018-11-06 10:35	0	0	0.07588070431528555
[소셜라이브 하이라이트] 출연료 사양한 ‘양진호 폭행’ 피해자의 진심  	2018-11-06 10:25	0	0	0.11338073723190276
[데일리포스트] [에디터 칼럼] 천민자본주이란 이것…제대로 보여준 양진호 회장   	2018-11-06 01:31	0	0	-0.0148771400657039
보통 양진호가 어떤 갑질을 부렸는지 범죄에 대해 보도하고 사람들도 그 부분에 공분 하고 있는데 털보나 쟤들은 경찰과 유착 가능성 부분에 더 무게를 두는것도 수상	2018-11-05 23:02	81	78	0.038604355658314625
양진호 건으로 분당경찰서를 협박하는 거겠군. 더 나아가 성남지검까지~  	2018-11-05 21:14	22	9	0.025568697625617188
많은 분들이 정치사회 현안에 대한 녹색당의 입장을 접하고 싶어 합니다. 사회의 여러가지 현안을 녹색가치로 바라보고 대안을 제시하는 길잡이로서 녹색당에 관심있는 분들을 위해, 그린캐스트를 마련했습니다.       	2018-11-05 17:08	9	10	0.05615487472041521
<일요신문> 제1382호 - ‘엽기갑질 끝판왕’ 양진호 폭력의 배경 - 임종석 vs 이낙연 갈등설 증폭 - [단독] 최순실 '신사동 빌딩'도 급매로 내놨다 - 두산 vs SK…한국시리즈 향방 - 올드한 한국당에 50대 '신3룡' 뜬다 - 정의선의 현대차 내부권력 변화중 - 한국오라클 노조원 죽음 '풀리지 않는 의문' 	2018-11-05 17:07	0	1	0.08356122011993801
양진호, 폭행 교수에 ‘자살 강요’까지 “무서워 전화 피하자..”   	2018-11-05 16:42	0	0	-0.01484719666251173
[박지원 의원실] 국회 법제사법위원회 2018 예산안 심사 주질의(1)_181105  박지원, “양진호, 대국민 사과하고 방탄 변호인단 구성, 철저히 수사 및 기소해 엄벌 처해야”, 법무부장관, “잘 알겠다” 박지원,  … 	2018-11-05 15:51	7	11	-0.013703251223348742
폭행당한 교수 “양진호가 나를 때린 진짜 이유는…” / YTN   	2018-11-05 15:39	0	0	0.0434356391898776
양진호 전 회장 수사 급물살…조만간 소환 조사 / YTN   	2018-11-05 15:36	0	0	0.04667680533831486
[181102 소셜라이브] 양진호의 ‘기괴한 폭력’  	2018-11-05 14:09	0	0	0.08357870055898518
양진호 수사 속도…’폭행사건 핵심’ 동생 행방 묘연 / SBS   	2018-11-05 09:07	0	0	0.04548196626238698
인성 파탄범 양진호를 통해서 볼수 있는 똥파리들의 인성 잔인한 양진호와 유유상종 하는 양아치 똥파리들~ 	2018-11-05 06:47	5	3	0.07044321897036901
폭행 당한 교수..＂양진호가 내게 자살하라 협박하고, 전화 피하니 가족들 위협＂   성남 경찰과 검찰이 수수방관.. 썩은내가 진동	2018-11-05 06:43	11	4	-0.006693517975260009
양진호를 캐고 또 캐야합니다. 반드시 이놈과 커넥션된 것들 굴비로 나올것임	2018-11-04 20:29	16	18	0.03963380173853836
양진호 폭행 피해자 "인격 짓밟은 양회장 법의 심판받길 원해"  … 경찰 출석해 5시간 조사받고 귀가..전처 폭행 의혹도 제기  이재명 성남시장 비서 백종선 막말 파문 '증폭'  … 술냄새 풍기며 주민대표에 '막말'...성남주민연대,비서 해임 촉구 	2018-11-04 12:25	4	4	0.01997043289465568
영화 7년의 밤 장동건이 주인공 캐릭터 살리겠다고 M자 탈모하더니 양진호가 모델이었나? ㅋ ㅋ 	2018-11-06 00:39	0	0	0.028550322141102202
과거 노무현이 그랬던 것 처럼 이재명이 국민적 왕따가 되고 있다.방송 신문 여야 당정청 가릴 것 없이 이재명을 집단구타하고 있다. 대다수 국민은 양진호의 위디스크 사무실 직원들 처럼 귀막고 눈 막고 이 야비한 폭행을 못 본 채 한다. 엄석대의 이 나라에서 이 집단구타 막을 사람 누구 없소~!!	2018-11-05 20:10	49	47	0.017148077310071005
“양진호, 소환 앞두고 변호인단 구성…경찰도 놀랄 정도”  	2018-11-05 17:07	0	0	-0.02917927198014871
폭행 피해 교수 “죽을 것 같아 양진호 구두 핥아” | 김진의 돌직구쇼   	2018-11-05 11:41	0	0	0.04813110597739301
폭행가담 직원 “양진호 지시 때문에…” 후회 | 김진의 돌직구쇼  	2018-11-05 11:41	0	0	0.06570683680178167
【팩트TV 이기명칼럼】다 함께 잘사는 세상 고질병 환자 ‘자유한국당’ 사원 뺨을 후려친 ‘양진호’ 상복 입은 ‘사립유치원 원장들’ 음주운전은 살인이라던 ‘이용주’ 국민이 분노하는 진짜 이유를 모르는가?   	2018-11-05 11:10	1	3	0.03891342190738954
폭행 피해자 “양진호, 엽기 폭행 뒤 ‘선심 썼다’ 연락” / YTN  	2018-11-05 10:34	0	0	0.04473135554206207
“웹하드와 필터링 업체가 사실상 정부를 농락하고 있다”는 주장이 나왔다.필터링 업체가 웹하드 필터링을 제대로 하고 있지 않다는 것은 공공연한 비밀이고 양진호 회장이 소유한 위디스크, 파일노리와 계약된 필터링업체 뮤레카는 유착 의혹까지 제기된 상황이다.   … 	2018-11-05 10:30	64	22	0.00751467953324618
추가 의혹 조사 속도…경찰, 주중 양진호 소환 방침  	2018-11-05 10:08	0	0	0.0
[자막뉴스] ‘섬뜩’ 양진호, 엽기 폭행 후 피해자에게 보낸 메시지 / YTN  	2018-11-05 09:06	0	0	0.04486233389272938
다른 피해자 조사 속도…양진호 회장 주중 소환 방침  	2018-11-05 08:40	0	0	0.23943661972902197
국민적 공분을 산 개 망난이 양진호 봐주기 수사하는  분당 경찰서의 비정상적인 수사관행을  보니  유죄추정의 원칙을 적용시킹 이재명 지사 수사는  정치탄압성 표적수사라는 것이 확실하군요. 분당 경찰서장과 수사과장과 형사들은 처벌 받아야합니다. 	2018-11-05 03:24	18	14	0.06462274367641935
[다시보기] 양진호 곧 소환…폭행 피해자 “이젠 숨지 않겠다” – 2018년 11월 04일(일) KBS뉴스9   	2018-11-04 23:16	0	0	-0.04380916642876797
양진호 강제수사 검토…’폭행사건 핵심’ 동생 행방 묘연 / SBS   	2018-11-04 21:35	0	0	0.04527465606953228
“증거가 없으면 아닌 거다. 경찰은 공식수사관만 최하 30여명을 편성했다. 내가 반란군인가? 특검도 아니고 대한민국 경찰 역사에 이런 규모가 있나☜☜☜이점명  병시나~ 양진호 지금 42명... 그리고  "증거가 없으면 아닌거다"?? 뭔 박끈혜 같은 소리를 처하고 자빠졌냐. 	2018-11-04 20:59	13	7	0.05533350641413848
양진호커넥션은 심각하던데요	2018-11-04 19:56	7	13	-0.03474007448932213
직원 생리대 흔들고 소주병으로 위협한 ‘제2의 양진호’  “상사가 제 재킷 주머니에서 생리대를 꺼내더니 남들 보는 앞에서 흔들더라고요.”   	2018-11-04 19:30	89	4	0.04356104802857017
양진호, 엽기 폭행 뒤에도 “이번엔 봐준 것” 으름장 / YTN  	2018-11-04 19:04	0	0	0.04360026491009779
‘끝 없는 논란’ 양진호…‘디지털 장의사’ 사업 의혹  	2018-11-04 14:05	0	0	-0.6791443850267379
양진호에겐 약하고 이재명에겐 강한 수사의 뒷 배경 의 수정본입니다. 경찰의 수사기밀 유출과 정계커넥션 의혹에 대한  가짜뉴스를 추가했습니다.  ■ 분당경찰서의 이재명 짜 맞추기식 수사 = 분당경찰서장 유현철 + 염덕길 + 경우회  	2018-11-04 11:52	60	46	0.09591310458358272
삼권분립의 원칙도 모르는 목수정이 양진호 건 관련해서 법적 처벌 안 한다고 문재인 정부 비난했다는데 응, 사건 발생연도 2013년.  2013년 성남시장 이재명, 대통령 박근혜.	2018-11-03 19:26	325	156	0.08042609059346335
양진호-허재현-국제파-이재명 모두 마약 관련 의혹 또는 혐의가 있군.  이재명은 성남시장으로 수정구, 분당구에서 몰수 마약 폐기 책임이 있는데 담당 공무원 2명 이상이 입회한다는 규정을 어기고 담당 공무원 한 명이 폐기해서 문제가 있었지. 양진호와 허재현 마약 출처를 밝히면 뭐가 드러날까? 	2018-11-03 19:17	275	119	0.029162117802969404
"양진호 한국미래기술 회장이 ‘마약투여’ 사실을 숨기기 위해 교수를 폭행했다는 주장이 제기됐다.  양 회장의 부인이 대학 동문인 A교수에게 상담하는 과정에서 “남편이 마약하는 것 때문에 힘들다”는 문자 메시지를 보냈다는 것이다."   …  성남시는 마약 천국이구나~	2018-11-03 18:22	622	312	0.025134558339929936
양진호 폭행 피해자..전직 직원 경찰 출석..인격 무참히 짓밟혀 강한 분노 / 연합 경기남부경찰청은 의혹이 드럽게 만은 곳이잔아..성남은 조폭 범죄자 천국이다..아수라가 픽션이 아닌 실화가 맞는 것 같다능ㅋㅋ 	2018-11-03 16:07	156	111	0.03886314483858278
이재명 지사,  "무려 30명이 넘는 수사단을 구성해 정말 먼지 털듯이 수사하고 언론 플레이 심하게 하는 점은 이해되지 않는다"  저기요 낙지사님,  '엽기행각' 양진호 회장 수사팀만 42명  …  ㅋㅋㅋㅋㅋㅋㅋㅋㅋㅋㅋ  이재명 고소 고발 16건, 양진호 혐의 5건.	2018-11-03 14:46	653	334	0.05049797060620236
개시키 맞네요, "안하면 죽을거 같아 양진호 침 핥았다"말하며 오열한 교수(영상) | 다음 뉴스  …	2018-11-03 14:33	197	110	0.061338548926035685
음....???  폐지줍던 아주머니 범행이 저번달 4일에 일어난거 였어? 왜 여태 조용하다 갑자기....  양진호 갑질 사건이 2015년도 사건인데  갑자기 왜 지금???  요즘 가장 핫한 사람이 누구더라? 	2018-11-03 11:55	348	189	0.03534513222006807
특정인을 무자비하게 폭행한 후 진실 은폐를 위해 오히려 피해자에게 민사소송을 제기해 입을 막은 양진호  가짜 모라토리움, 공직남용 등 문제점을 지적하는 형님을 정신병자로 몰고, 문제 제기자에게 소송을 제기해 입을 틀어 막은 이재명  누가 더 악의적이고 부도덕한가?   …	2018-11-03 11:54	763	507	0.05517768987178993
엠빙신 그런식이면 이재명만 아니라 위디스크 양진호 회장도 해명인터뷰 해줘야지. 강서구 피씨방 살인용의자도 해명인터뷰 해주고. 등등등 대법원 확정판결 안받은건 다 똑같은거 아님? 이재명 논리대로라면 대법원 확정판결 받은 기결수를 제외한 세상의 모든 범죄자를 비난하면 안됨.	2018-11-03 11:23	472	346	0.09000877930684471
양진호 이슈를 물은 문파들이 좀 있는데.  왜 지금 시점에 터졌는지부터 생각해봐야 함.  항상 왜? 가 중요하져. 양진호는 정알못인 일반 국민과 여론에 맡기고  이재명, 이해찬에 올인해야 함.  지난 반년동은 노력을 헛되이 하지 않으려면.	2018-11-03 11:17	205	141	0.03088379680514638
난 아무리 생각해도 재밌는게 양진호야.. 아~ 물론 떡밥 물자는게 아니고  양진호 사업체가 성남이잖아. 그런데 갸가 동네 유지로 나름 힘좀 쓰는데 시장하고 손이 안닿았을까? 어제 양씨 주변 압색 들어갔는데 여기서 성남시나 제명이 와의 연결 고리가 나와버리면 개 웃길듯 ㅋ	2018-11-03 08:39	489	482	0.014349164386314762
양진호. 자기 부인과 동창인 대학교수 사이를 의심. 이 대학교수를 잔혹하게 폭행. 자기가 엄청나게 때려놓고서는 자기가 민사소송 걸어버림. 당신이 내 부인과 불륜관계여서 내가 정신적 상처를 입었으니, 돈 물어내라고. 익숙한 방식이지? 뒤집어씌우기. 먼저 치고 나가기. 이런 인간들 소시오패스.	2018-11-03 06:56	641	550	0.05128658426837188
수구좌파 꼴통우파척결 이제는 우리가 진짜 보수다 문재인대통령 해바라기 팟캐스트  72-1 경축★ 이재명 검찰송치, 법조비리 양진호 게이트        …	2018-11-03 00:18	159	151	0.051040499396992026
양진호 날뛸수 있었던 배경  <공범> 법원 노동부 경찰 검찰  양진호랑 같이 지랄 염병을 했구나   조폭집단 법원이 나라와 인권을 갈아쳐먹는 현장   	2018-11-02 20:28	313	153	0.04739309924127083
양진호는 부인과 동창교수 불륜관계를 의심 두 사람을 잔혹하게 폭행하고도 제대로 처벌받지 않았다. 양진호 이혼은 법조비리로 징역5년6개월 받은 최유정이 맡았다. 그녀가 구속되자 양진호는 성공보수 안 줘도 된다며 자랑했다. 이런 놈을 성공신화라며 부러워하는 나라다.  	2018-11-02 19:56	288	185	0.03741165449107363
김혜경 물탈려고 양진호 뉴스 계속 트네 ㅋㅋ 그럴수록  성남지검에 대한 의혹이 계속 부각되네  ㅋㅋ  셋 다 엿된겨.	2018-11-02 16:45	226	160	-0.002284120299342475
폭행사건이 있었던 위디스크 사무실에서 또 다른 폭행이 있었습니다. 피해자인 현직 대학교수는 양진호 씨가 집단폭행과 끔찍한 가혹행위를 저지른 뒤, 돈뭉치까지 건넸다고 밝혔습니다. 검찰 수사에도 가해자인 양씨는 처벌을 피했습니다.  	2018-11-02 13:44	636	375	0.016279328539100607
<셜록> 박상규 기자, ‘삼성 때문에’ 양진호 특종 터트렸다 - 고발뉴스닷컴 	2018-11-02 11:20	141	180	0.023900489783345177
양진호, 부인도 잔혹 폭행 “사람 얼굴이 아니었다”  … 그냥 괴물이라고 밖에는 표현이 안되는 인간이군.	2018-11-02 09:47	180	25	7.40442533433773e-05
“양진호, 부인도 사람 얼굴 아닐 정도로 잔혹하게 폭행”  …  님이 씀	2018-11-02 09:33	86	103	0.024953281899279478
셜록 박상규, "양진호, 아내도 잔혹폭행" 평소 조금만 틀어지고 문제가 생기면 미안한척하다, 잔인하게 끝까지 보복~  죄목:  폭행죄, 상해죄, 강요죄, 동물보호법 위반, 전기통신망 사업법 위반  폭행하면서 고소하라는 양진호, 실형 3~4년은 피해자들이 당했던 고통과 처절함에 비해 너무약함!! 	2018-11-02 09:16	158	112	0.009481958900139968
혜경궁 사건 이후 터진 드루킹 사건 이재명, 혜경궁 기소 즈음 터진 양진호 사건  설마...아니겠지?	2018-11-02 09:13	219	187	-1.0
목수정 페북글 보니, 이건 완전 식스센스급 역대급 반전 서스펜스 각본이네. 양진호를 감시못한 검경을 욕하며 현정부까지 씹더니, 결론이 이재명 칭찬으로 끝나냐?  ㅋㅋㅋㅋㅋㅋㅋㅋㅋㅋㅋㅋㅋㅋㅋㅋㅋㅋㅋㅋㅋㅋㅋㅋㅋㅋㅋㅋㅋㅋㅋㅋㅋㅋㅋㅋㅋㅋㅋㅋㅋㅋㅋㅋㅋㅋㅋㅋㅋㅋㅋㅋㅋㅋㅋㅋㅋㅋㅋㅋ	2018-11-02 08:46	113	89	0.04907391330354687
양진호 씨의 회사 위디스크와 파일노리 등 웹하드 업체는 저작권 없는 성범죄 동영상 등을 유통하면서 연간 약 1천억 원이 넘는 매출을 올리고 있었습니다.  다시 보기 :   후원하기 :    갑질 탐사보도는,  	2018-11-02 08:00	415	226	0.032094529740497355
성남은 범죄자들 천국이네 점낙지 사건도 3년 묵혀 놓고 ㅋ 교수 폭행 고소됐는데 양진호 동생만 처벌 결국 재수사/sbs 2013년 양진호 동생이랑 폭행 했는데 검찰은 올해 2월 양진호 무혐의 동생만 기소.. 올해 4월 서울고검 다시 수사하라 성남지청 명령..점낙지도 서울고검에서 수사해라ㅋㅋ 	2018-11-01 21:31	119	63	0.03888099087106005
쫌 있다 10시부터 양진호 떡박 안건들어야지. 저 사건 2015년도에 터진것. 하나씩 하나씩 동영상 흘리는것도 이상하고. 회사가 성남 소재에 경찰이 여태 묵혀놨던것도 그렇고 결정적으로 한참 이점명이 타격 받을때 터진것. 혜킹궁 터졌을때 드루킹 떡밥 던져 버린 기억이 나서 뭔가 찜찜해.	2018-11-01 20:21	207	160	0.029559169620974
양진호가 성범죄로 뭇매맞았으면 애니보리수들 분명 꼴페미 정부가 로봇공학 사업가를 죽이네 마네 지랄했을껄	2018-11-01 19:20	382	85	0.05971406372958468
성남지청은 2017년 수사에 착수했지만, 폭행에 가담한 공범들과 목격자들이 ‘우리가 조폭이냐’, ‘폭행 사실이 없다’는 취지로 진술해 결국 무혐의 처분을 받았다. *목격자는 회사 직원들임  대대적인 음란물 수사에도 조사조차 안받았던 양진호... 검찰 커넥션을 밝혀야	2018-11-01 18:50	246	151	0.013767382277964977
2013년 폭행 사건을 4년 지난 2017년에 수사의뢰한것도 의심스럽고 2017년 성남지청이 가해자의 주장만으로 무혐의 처리한점, 2018년 4월 고법이 사건 재조사를 지시, 지금까지 아무런 결과가 없다가 양진호 직원 폭행 동영상으로 사건이 재조명됨	2018-11-01 18:41	245	145	0.04109671614998235
<그것이 알고 싶다>에서는 웹하드업체와 로봇 제작업체를 운영해온 양진호 회장의 갑질과 비리, 위법행위에 대해 알고 계시거나 양회장이 운영하던 웹하드 업체(위디스크, 파일노리)로 인해 디지털성범죄(몰카)영상이 유통돼 피해를 보신 분들의 제보를 기다립니다 0221135500  sbs21135500.com 	2018-11-01 18:31	3500	671	0.038308363443538
“(양진호) 겁 없이 날뛰는 배경이 있다. (사법당국에) 신고를 했는데 수사가 진행이 안된 것으로 안다. 대형 로펌과 연결돼 있고, 판검사가 연결된 의혹이 있다”  재명이도 저런 상황 아닌가 싶기도 경찰에 각 세우는게 ... 판검사 연줄 있니?	2018-11-01 18:11	324	212	0.02683827384404034
양진호 수사하는  성남 경찰서는 몇년동안을 왜 수사 않하는거야? 뭔가 구린건 다 성남이구만. 그리고 양진호 영상중 닭한테 활쏘고 칼휘두르는거. 조폭들 숙소 생활할때 지옥훈련 한다고 저짓 많이함. 꼬마들 담력훈련 한다고 풉~	2018-11-01 16:57	78	60	0.04136593943029616
이재명 “경찰은 공식수사관만 30여명을 편성했다. 내가 반란군인가?특검도 아니고 경찰 역사에 이런 규모가 있나? 무죄추정원칙이 있다.증거가 없으면 무죄다.내가 만인의 공적인가?"  양진호는 수사관 42명임 사건은 5건이고  니는 고소고발 사건이 16건인데 뭐라는거야 이 새끼야	2018-11-01 16:54	1000	749	0.029446984691003306
양진호한테 맞거나 강제로 머리 탈색당한 남직원한테는 왜 그때 가만 있었느냐, 왜 그런 일을 당하고도 그 다음날 멀쩡하게 출근하느냐고 안 물어보죠. 심지어 이미 퇴사한 직원도 불려가 맞았는데, 왜 저항하지 않았는지는 우리 모두가 알고 있죠. 	2018-11-01 15:00	5100	881	0.0024212393212217796
직원 폭행영상 공개로 논란인 양진호  성남지청이 수사해서 무혐의 처분했던걸 서울고검이 재검토 지시했다니...  아무래도 성남관할의  검경 직원들 전원을 타 지역 전보조치하고 새로이 인적쇄신해야 믿을만 할 듯 하다  이재명의 관련 의혹들이 더이상 방치되지 않게 하기 위해서라도..  쿄쿄쿄	2018-11-01 13:08	706	503	0.019322403459224088
, ‘오랜 변호사’ 누구?.. “‘ 게이트’ ”  …  고소를 했는데 무려 2년 동안 양진호 한국미래기술 회장 관련 수사가 제대로 진행되지 않았고, 검찰도 3~4년 정도 묵혀 버렸다  “수사당국, ‘고위층 폭행사건’도 묵혀.. 거대 법조비리 의심”  또다른 ?	2018-11-01 09:51	148	95	0.03017268679663336
양진호 회사가 성남에 있어? 이것도 파봐라 쌩양이 좀명이 한테 줄을 안댓을리가 없다	2018-11-01 09:34	42	27	0.02179555518988359
지금 이 기사에 부들부들하는거 80%가 남자들 같음. 여자들이 불법 촬영물로 고통받다가 자살한건 자기들 알바 아니고 (왜냐면 지들도 다운로드 받고 적극 공유하고 했으니까) 양진호가 부하 직원 때린거는 지들도 회사에서 겪을 수 있는 일이라 존나 부들부들 중.	2018-11-01 09:30	272	55	-0.010383236019598827
위디스크 양진호라는 새끼가 만든 회사가 불법 촬영물같은거 유포하고 피해자 여성들을 자살하게 만든 것 보다 직원 폭행한게 더 큰 범죄인듯. 어떻게 후자가 더 큰 화제가 되고 사람들이 분노하고 있는지 모르겠다.	2018-11-01 09:27	1200	233	0.03312454310915917
불법촬영 영상물로 천억 부호가 된 위디스크의 양진호가 사회면에 오르내리고 있는데. 웹하드의 조상뻘이었던 피디박스의 문용식씨 역시 우리당 당직과 캠프를 오가고 그 공로로 공공기관장을 맡았지만 사실은 공당에 발을 붙여서는 안 되는 인물이다. 이제라도 공론화를 하고 조치를 취해야 한다.	2018-11-01 08:41	124	31	0.08415005259377478
"양진호, 디지털 성범죄 피해자 피눈물로 쌓은 부 1000억" - 중앙일보 	2018-11-01 07:30	2800	423	0.050360514391919915
양진호는 바탕이 깡패다. 5년전에도 교수를 아내 내연남으로 의심 사무실에서 동생과 여러명이 집단폭행했다. 오랫동안 무서워 신고도 못했던 교수가 지난 6월 검찰에 고소했다. 당시 양진호와 공범들은 "우리가 조폭이냐, 폭행사실 없다"고 진술해 무혐의 처분받았다. 알고보니 조폭이다. 재수사한다. 	2018-11-01 03:43	83	58	0.014042109701148112
하 진짜 오늘 jtbc 뉴스 보다 열뻗쳐서. 남혐 범죄 방조(?) 혐의로 워마드 운영자도 구속수사 하는 마당에 여혐 불법 촬영물 판매하는 실제 범죄 집단인 위디스크 양진호쯤 되면 애저녁에 검찰 소환 됐어야 맞는 거 아냐? 갑질 했다니까 이제서야 양진호에 대해 호들갑 떨며 보도하면서	2018-11-01 03:25	2900	501	0.03410676264726372
검찰은 즉시 양진호 회장을 구속수사하고 가능한 모든 범죄혐의 적용해 엄벌에 처하고 국세청은 강도높은 세무조사도 진행하라!  …	2018-10-31 21:36	48	29	-0.010310359046555051
이 개자식이 .... 너의 아이들은 아이들이고 남의 아이들은 짐승이란 말이냐?  이 개자식이... 너는 천번을 받아 마땅하다. 우리가 반드시 그렇게 해주마.   ‘갑질 폭행’ 양진호, 가족 내세우며 취재 거부…“아이들 보호해야”  …	2018-10-31 21:21	117	78	0.004443193632197732
조선일보가 양진호 폭행 특종을 인용하면서 출처 안 밝힌 이유는? "별도의 이유는 없다."  …	2018-10-31 20:46	84	76	0.016424279220148028
최승호의 뉴스타파....왜 하필 이재명 경찰 조사때 맞춰 양진호 쓰레기 사건을 연일 보도 할까??혹시 물타기??아주 절묘한 타이밍이야~~^^ 	2018-10-31 20:39	98	62	0.07279164970569374
양진호의 인터뷰 취소문자가 공분을 일으킨다. "집에 어린아이들이 있는데 아이들을 보호하고 싶은 아빠 마음에 공감해주시기를 부탁드린다" 양진호야, 네놈이 때리고 짓밟고 능멸한 직원들도 아이들 아빠다. 아이들 먹여 살리려 너의 미친 짓을 고스란히 몸으로 받아 온 노예들이다. 차라리 죽어라. 	2018-10-31 19:16	43	31	0.040422143144198015
“양진호(47세/한국남성)”로 꼬리 자르기 하지 말고, 수사기관은 “웹하드 카르텔”을 디지털성폭력과 연관해 철저히 수사해야 할 겁니다.  그리고, 이때다 싶어 입 털어댈 준비를 하는 몇몇은, 니들이 수년간 어떻게 “양진호 왕국”을 뒷받침했는지나 돌아봐	2018-10-31 16:52	354	87	0.04371209898227957
전 직원  으로 논란을 빚고 있는  회장이 회사 내에서  적인  을 일삼았다는 영상이 추가로 공개됐습니다. 직원들에게 살아있는   죽이거나 머리를  하도록  했다는 겁니다.  …	2018-10-31 15:30	184	20	0.04056535774442548
김앤장 책임론을 제기해야 할 시점입니다! 10/31(수)'김앤장' 전범기업 법률자문& 양진호 갑질 폭행 파문 [장윤선의 이슈파이터-깨알알 브리핑]   - 	2018-10-31 15:11	25	27	0.06932001018608856
양진호의 폭행 동영상에서 공포스러운 것은 조용히 눈 앞 스크린을 보며 상황을 외면하는 보통 사람들이다. 우리가 실패한 정부를 갖고 그 다음에 또 퇴행하는 정부를 갖게 되는 것은 같은 매카니즘이다. 비판을 하면 토론이 아니라 비난이 돌아오고 심지어 나쁜 결과를 얻었어도 반성은 없다.	2018-10-31 14:49	126	128	0.037892491943791254
위디스크 양진호의 약자에 대한 야만적 폭행과 오버랩되는 이재명  두 사람 모두 자신을 비판했단 이유로 권력을 이용, 무자비한 폭행, 정신병으로 몰아가는 등 야만을 자행  폭행 현장의 수많은 직원은 단 한명 예외없이 모두 외면하는 씁쓸한 현실. 우리사회의 민낯    …	2018-10-31 14:05	377	249	0.0629789777627344
케어는 동물학대를 일삼은 '싸이코패스 회장' 양진호 회장을 동물보호법 위반으로 고발하겠습니다. 동물을 괴롭히는 사람은 인간도 괴롭힙니다. 인권과 동물권이 별개의 문제가 아닌 이유입니다.  …	2018-10-31 12:50	280	75	0.036464634854602294
양진호 한국미래기술 회장, 전직 직원 무릎 꿇리고 수차례 뺨 때리는 영상 공개돼. 영상 소장하겠다며 다른 직원 시켜 폭행 장면 촬영도.   	2018-10-31 11:01	167	41	-0.023051662791867263
배경도시가 무려 성남. 아수라도시엔 아수라들이 살았더라! 소시오패스가 혹시 감염성을 띤 거라면 정말 큰 우환이라는 생각이 든다!  양진호 엽기행각 추가..직원 머리 형형색색 염색 "너는 '순대 간' 색으로 해라" | 다음뉴스  …	2018-10-31 10:08	42	19	0.019678033187406106
오늘 공개할 영상은 살벌한 분위기의 회사 워크숍 영상입니다. 양진호 회장 지시로 직원들은 석궁과 일본도로 동물을 잡아야했습니다. 회식 때 화장실 금지 등 학대 피해 증언도 잇따르고 있습니다. 직원들은 기업이 아니라 양진호의 왕국이었다고 말합니다.  	2018-10-31 08:32	1400	500	0.027359407794274634
 … … 양진호 폭행 한국미래기술 홈페이지 마비...? 저놈 인생을 마비 시켜야지. 불법 파일의 온상지를 만든게 한국미래기술이라니. 이것도 끔찍한 코메디.	2018-10-31 07:27	48	19	0.057069120547912126
양진호 저거 양아치 깡패네 다 귀한집 자식인데 어찌 저런 폭행을... 회장이 마치 조폭 두목같아 혹 울 아들 회사 회장도 저런 부량무식한 인성  가진건 아닌지 물어봐야 것다 세상이 어떤 세상인데 말이지	2018-10-31 07:17	23	43	0.04939036232368252
＂양 회장, 토할 때까지 폭음 강요·가혹 행위＂..회사 생활은 ＇악몽＇   "위디스크 대표 양진호" 이런 짐승보다 못한 놈이 있는가? 촛불혁명의 국민이 이런놈을 파멸시키지 못하면 말도 안된다  …  막강한 권력과 돈 앞에서 강 씨는 양진호를 신고할 수 없었다	2018-10-31 01:56	34	27	0.026723953586635606
많은 이들이 양진호의 물리적 폭력에는 분개하면서 디지털 성폭력에는 무관심하다는 점이 이 사건의 제일 소름끼치는 포인트.	2018-10-31 00:56	1100	213	0.02286173753204462
양진호 회장 폭행 보도한 기자의 다짐 "회장님 폭주는 여기까지입니다" | 다음뉴스 	2018-10-31 00:22	28	22	0.04302779951788979
음란물 유통 방치한 ‘위디스크’ 양진호 회장, 퇴사한 직원 폭행 파문 (영상)	2018-10-30 23:40	30	26	0.06849386814683477
"더 나은 세상을 위해" "우리 아이들의 미래를 위해"  오늘 양진호 회장의 무차별 폭행 갑질 보도를 보고 후원회원으로 가입해주신 분들이 남긴 글입니다.  내일(31일) 오전 8시 양진호 회장의 또 다른 엽기 행각을 보도할 예정입니다.       	2018-10-30 23:05	191	188	0.07874301179115965
웹하드 업체 ‘위디스크’ 양진호 회장의 직원 폭행 영상에 경찰이 수사에 착수했습니다. 	2018-10-30 22:15	32	10	0.021787813705942325
 회장은 불법 촬영 영상 유포 혐의로 수사를 받던 중이다.  경찰은 폭행 혐의도 수사에 들어갔다. 	2018-10-30 22:14	72	35	0.060303774874989946
  인간을 짓밟는 존재는 인간이 아니라 악마입니다 우린 악마를 어떻게 해야할까요? ㅠ.ㅠ 분노가 솟구쳐 올라오지만 나는 악마가 아니므로 절제하여 표현합니다.  양진호를 사회로부터 영원히 분리합시다 그리고 그 자리에 있었던 다른 사람들도 반성합시다 깊이   …	2018-10-30 21:44	150	76	0.030174829370898822
[돈만 있으면 무법천지인가?] 양진호 '폭행 영상' 파문..경찰 수사 착수   …  동영상을 보고 이게 내가 사는 나라에 대한 서글픈 현실인가 싶어 가슴이 답답해 진다.  재벌, 권력에 의한 인권 침해가 어디 하루 이틀 사건인가?  제발 좀 본보기로 중형에 처하도록 하라	2018-10-30 20:23	142	101	0.02736676903849314
양진호의 충격적 엽기행각이 아무 문제가 되지 않았던 것은 비호하는 법조계 인사들이 있기 때문이다. 피해자들이 고발하면 증언과 팩트가 많은 데 조사도 하지 않았다. 고소하면 무혐의 처리하고 재수사 지시도 뭉갰다. 그가 가진 돈 앞에 법조계 나리들이 굴복한 정황이다.  …	2018-10-30 19:47	155	92	0.014100888847437971
양진호는 리벤지 포르노 등 음란물로 막대한 부를 쌓은 인물이다. 뉴스타파가 추가공개할 영상은 ‘공포의 워크숍’이다. 양진호가 자신의 힘을 과시하려 닭을 풀어놓고 자신은 활로 쏘고 생닭을 직원들에 날려 칼로 베도록 하는 장면도 있다. 아무리 재능이 많아도 이런 인물은 사회에서 격리해야 한다.	2018-10-30 19:31	438	325	0.03885355160941413
경찰과 검찰은 전 직원에게 충격적인 폭행과 욕설을 한 양진호 회장을 즉시 구속수사하고 현재 수사중이라는 음란물 유통혐의 등을 포함 가능한 모든 범죄 혐의 적용해서 엄벌에 처해야!   …	2018-10-30 19:24	90	68	0.06565180201231484
국내 웹하드 업계 1, 2위 업체인 위디스크와 파일노리의 실소유주이고, 디지털성폭력 영상으로 부를 축적한 “양진호(47세, 한국남성)”의 폭행사건에 대한 기사가 나온 모양인데, 이 사람이 뒷배를 봐주던 자들은 지금 무엇들 하고 있을까요	2018-10-30 18:04	514	132	0.02889218553684629
“양진호가 가진 부와 힘 때문에 법적대응은 생각못했다” 폭행 이후 서울을 떠나 은둔중이던 피해자를 만났습니다. 피해자는 자신과 같은 피해자가 나오지 않길 바라는 마음에서 인터뷰에 응했다고 밝혔습니다. <'몰카 제국의 황제' 양진호(2) 폭행 피해자 “인생 망가져”>	2018-10-30 18:01	479	267	0.030767512315744684
박상규 기자 “‘몰카제국의 황제’ 양진호, 람보르기니 타고 질주.. 폭력 피해자는 섬에 유배”           	2018-10-30 17:52	63	35	0.013556516086125237
＇몰카 제국의 황제＇ 양진호(1) 사무실서 前직원 무차별 폭행 "뉴스타파는 ‘진실탐사그룹 셜록’과 함께 양 회장의 폭력과 갑질, 각종 엽기 행각과 관련한 영상 증거와 내부 관계자의 증언을 공동으로 확보, 취재했다. 취재결과는 사흘에 걸쳐 차례로 공개한다."  …	2018-10-30 17:42	76	47	0.06823469964711047
헐...미친늠이네. 뉴스타파 입수한 동영상..몰카제국의 황제 양진호 회장이 전직 개발자 무차별 폭행 변태 시키도 아니고.. 폭행한 장면을 직접 동영상 촬영 지시해 기념품으로..소장했다고. 때리는 소리에 심장 멈는다능 무섭다 ㅎㄷㅎㄷ 	2018-10-30 16:53	458	135	0.061573544782266836
